Check,KPI (%)
Accuracy,96.11111111111111
Completeness,99.9999687727861
Consistency,100.0
Timeliness,93.39656748829957
Uniqueness,100.0
